[{
	"color": "#d67777",
	"values": [{
		"label": "Acute Diarrhoeal-Cases",
		"value": 0.8353790831648467
	}, {
		"label": "Acute Diaorrhea-Cured",
		"value": 0.8352644263924515
	}, {
		"label": "Malaria-Cases",
		"value": 0.1134438722589635
	}, {
		"label": "Malaria-Cured",
		"value": 0.11338786556466672
	}, {
		"label": "Acute Respiratory Infection-Cases",
		"value": 2.042025881977128
	}, {
		"label": "Acute Respiratory Infection-Cured",
		"value": 2.0420237243151
	}, {
		"label": "Japanese Encephalitis-Cases",
		"value": 4.271543011927328E-6
	}, {
		"label": "Japanese Encephalitis-Cured",
		"value": 3.705693666893443E-6
	}, {
		"label": "Viral Hepatitis-Cases",
		"value": 7.035035565031503E-5
	}, {
		"label": "Viral Hepatitis-Cured",
		"value": 7.000671575610467E-5
	}],
	"state": "India",
	"key": "2010"
}, {
	"color": "#4f99b4",
	"values": [{
		"label": "Acute Diarrhoeal-Cases",
		"value": 0.845143412505049
	}, {
		"label": "Acute Diaorrhea-Cured",
		"value": 0.8450385858161661
	}, {
		"label": "Malaria-Cases",
		"value": 0.10563292094241328
	}, {
		"label": "Malaria-Cured",
		"value": 0.10559467448303361
	}, {
		"label": "Acute Respiratory Infection-Cases",
		"value": 2.172548243949627
	}, {
		"label": "Acute Respiratory Infection-Cured",
		"value": 2.1725461854144914
	}, {
		"label": "Japanese Encephalitis-Cases",
		"value": 6.814147806108786E-6
	}, {
		"label": "Japanese Encephalitis-Cured",
		"value": 5.848486661080155E-6
	}, {
		"label": "Viral Hepatitis-Cases",
		"value": 7.798147426261143E-5
	}, {
		"label": "Viral Hepatitis-Cured",
		"value": 7.755192439484847E-5
	}],
	"state": "India",
	"key": "2011"
}, {
	"color": "#d67777",
	"values": [{
		"label": "Acute Diarrhoeal-Cases",
		"value": 2.709096654432484
	}, {
		"label": "Acute Diaorrhea-Cured",
		"value": 2.7088436418596626
	}, {
		"label": "Malaria-Cases",
		"value": 0.03676367267233783
	}, {
		"label": "Malaria-Cured",
		"value": 0.03674002663749471
	}, {
		"label": "Acute Respiratory Infection-Cases",
		"value": 0.036859060776894964
	}, {
		"label": "Acute Respiratory Infection-Cured",
		"value": 0.03685580944710404
	}, {
		"label": "Japanese Encephalitis-Cases",
		"value": 1.6433994215967063E-6
	}, {
		"label": "Japanese Encephalitis-Cured",
		"value": 1.560638299645793E-6
	}, {
		"label": "Viral Hepatitis-Cases",
		"value": 1.1762720032709087E-4
	}, {
		"label": "Viral Hepatitis-Cured",
		"value": 1.1691781928179733E-4
	}],
	"state": "Andhra Pradesh",
	"key": "2010"
}, {
	"color": "#4f99b4",
	"values": [{
		"label": "Acute Diarrhoeal-Cases",
		"value": 2.643170326988129
	}, {
		"label": "Acute Diaorrhea-Cured",
		"value": 2.643043820701718
	}, {
		"label": "Malaria-Cases",
		"value": 0.046770674617945394
	}, {
		"label": "Malaria-Cured",
		"value": 0.046764763109234615
	}, {
		"label": "Acute Respiratory Infection-Cases",
		"value": 0.03652472949024812
	}, {
		"label": "Acute Respiratory Infection-Cured",
		"value": 0.03652193925813663
	}, {
		"label": "Japanese Encephalitis-Cases",
		"value": 8.630802717738098E-7
	}, {
		"label": "Japanese Encephalitis-Cured",
		"value": 8.512572543522507E-7
	}, {
		"label": "Viral Hepatitis-Cases",
		"value": 1.3064434250822736E-4
	}, {
		"label": "Viral Hepatitis-Cured",
		"value": 1.2992313844551227E-4
	}],
	"state": "Andhra Pradesh",
	"key": "2011"
}, {
	"color": "#d67777",
	"values": [{
		"label": "Acute Diarrhoeal-Cases",
		"value": 1.380619153922703
	}, {
		"label": "Acute Diaorrhea-Cured",
		"value": 1.3804023481510443
	}, {
		"label": "Malaria-Cases",
		"value": 1.1083833733099087
	}, {
		"label": "Acute Respiratory Infection-Cases",
		"value": 0.025875046161562217
	}, {
		"label": "Acute Respiratory Infection-Cured",
		"value": 0.0258721554179401
	}, {
		"label": "Viral Hepatitis-Cases",
		"value": 1.582682133108626E-4
	}, {
		"label": "Viral Hepatitis-Cured",
		"value": 1.5393209787768828E-4
	}],
	"state": "Arunachal Pradesh",
	"key": "2010"
}, {
	"color": "#4f99b4",
	"values": [{
		"label": "Acute Diarrhoeal-Cases",
		"value": 2.329072136339032
	}, {
		"label": "Acute Diaorrhea-Cured",
		"value": 2.32827718184295
	}, {
		"label": "Malaria-Cases",
		"value": 0.7921360210503949
	}, {
		"label": "Acute Respiratory Infection-Cases",
		"value": 0.035123980380523036
	}, {
		"label": "Acute Respiratory Infection-Cured",
		"value": 0.03511747620737327
	}, {
		"label": "Viral Hepatitis-Cases",
		"value": 4.5962823591647777E-4
	}, {
		"label": "Viral Hepatitis-Cured",
		"value": 4.5673749229436155E-4
	}],
	"state": "Arunachal Pradesh",
	"key": "2011"
}, {
	"color": "#d67777",
	"values": [{
		"label": "Acute Diarrhoeal-Cases",
		"value": 0.2425239643068918
	}, {
		"label": "Malaria-Cases",
		"value": 0.18576487740524322
	}, {
		"label": "Malaria-Cured",
		"value": 0.18565592251846272
	}, {
		"label": "Acute Respiratory Infection-Cases",
		"value": 0.0018120799949342386
	}, {
		"label": "Japanese Encephalitis-Cases",
		"value": 1.8009601873716417E-5
	}, {
		"label": "Japanese Encephalitis-Cured",
		"value": 1.400390750678661E-5
	}, {
		"label": "Viral Hepatitis-Cases",
		"value": 9.9982131398568E-6
	}],
	"state": "Assam",
	"key": "2010"
}, {
	"color": "#4f99b4",
	"values": [{
		"label": "Acute Diarrhoeal-Cases",
		"value": 0.310252244662941
	}, {
		"label": "Acute Diaorrhea-Cured",
		"value": 0.3102009717750443
	}, {
		"label": "Malaria-Cases",
		"value": 0.15188631672749767
	}, {
		"label": "Malaria-Cured",
		"value": 0.15175172539676882
	}, {
		"label": "Acute Respiratory Infection-Cases",
		"value": 0.010088709786994478
	}, {
		"label": "Japanese Encephalitis-Cases",
		"value": 4.226808695984333E-5
	}, {
		"label": "Japanese Encephalitis-Cured",
		"value": 3.425669822598371E-5
	}, {
		"label": "Viral Hepatitis-Cases",
		"value": 8.194048396991615E-5
	}, {
		"label": "Viral Hepatitis-Cured",
		"value": 8.113934509653019E-5
	}],
	"state": "Assam",
	"key": "2011"
}, {
	"color": "#d67777",
	"values": [{
		"label": "Malaria-Cases",
		"value": 0.001103752208032757
	}, {
		"label": "Malaria-Cured",
		"value": 0.0011008703484817577
	}, {
		"label": "Japanese Encephalitis-Cases",
		"value": 4.80309925166561E-7
	}, {
		"label": "Japanese Encephalitis-Cured",
		"value": 4.1306653564324244E-7
	}],
	"state": "Bihar",
	"key": "2010"
}, {
	"color": "#4f99b4",
	"values": [{
		"label": "Acute Diarrhoeal-Cases",
		"value": 0.12514571162199778
	}, {
		"label": "Malaria-Cases",
		"value": 0.002295881442296161
	}, {
		"label": "Malaria-Cured",
		"value": 0.002295881442296161
	}, {
		"label": "Acute Respiratory Infection-Cases",
		"value": 8.404078822624349E-4
	}, {
		"label": "Japanese Encephalitis-Cases",
		"value": 7.88668897123493E-6
	}, {
		"label": "Japanese Encephalitis-Cured",
		"value": 5.9942678660786805E-6
	}, {
		"label": "Viral Hepatitis-Cases",
		"value": 1.940452097672906E-6
	}],
	"state": "Bihar",
	"key": "2011"
}, {
	"color": "#d67777",
	"values": [{
		"label": "Acute Diarrhoeal-Cases",
		"value": 0.20152515553020964
	}, {
		"label": "Acute Diaorrhea-Cured",
		"value": 0.20151732627008803
	}, {
		"label": "Malaria-Cases",
		"value": 0.4638836622053194
	}, {
		"label": "Malaria-Cured",
		"value": 0.46375839404337366
	}, {
		"label": "Acute Respiratory Infection-Cases",
		"value": 0.004221028155663542
	}, {
		"label": "Acute Respiratory Infection-Cured",
		"value": 0.004220754131559285
	}, {
		"label": "Viral Hepatitis-Cases",
		"value": 1.123498827450858E-5
	}, {
		"label": "Viral Hepatitis-Cured",
		"value": 1.1078403072076404E-5
	}],
	"state": "Chhattisgarh",
	"key": "2010"
}, {
	"color": "#4f99b4",
	"values": [{
		"label": "Acute Diarrhoeal-Cases",
		"value": 0.252787236176443
	}, {
		"label": "Acute Diaorrhea-Cured",
		"value": 0.25276766302613896
	}, {
		"label": "Malaria-Cases",
		"value": 0.5135172567462581
	}, {
		"label": "Malaria-Cured",
		"value": 0.5134467934051636
	}, {
		"label": "Acute Respiratory Infection-Cases",
		"value": 0.00609676229559857
	}, {
		"label": "Acute Respiratory Infection-Cured",
		"value": 0.006096057662187625
	}, {
		"label": "Viral Hepatitis-Cases",
		"value": 5.441335784518092E-6
	}, {
		"label": "Viral Hepatitis-Cured",
		"value": 5.402189483910049E-6
	}],
	"state": "Chhattisgarh",
	"key": "2011"
}, {
	"color": "#d67777",
	"values": [{
		"label": "Acute Diarrhoeal-Cases",
		"value": 0.6878627938947367
	}, {
		"label": "Acute Diaorrhea-Cured",
		"value": 0.6873326514549938
	}, {
		"label": "Malaria-Cases",
		"value": 0.0014891641565812032
	}, {
		"label": "Acute Respiratory Infection-Cases",
		"value": 0.014859654319728667
	}, {
		"label": "Acute Respiratory Infection-Cured",
		"value": 0.014848813204668757
	}, {
		"label": "Viral Hepatitis-Cases",
		"value": 3.877783463737453E-4
	}, {
		"label": "Viral Hepatitis-Cured",
		"value": 3.8414478583168716E-4
	}],
	"state": "Delhi",
	"key": "2010"
}, {
	"color": "#4f99b4",
	"values": [{
		"label": "Acute Diarrhoeal-Cases",
		"value": 0.6134343693488081
	}, {
		"label": "Acute Diaorrhea-Cured",
		"value": 0.613065056637976
	}, {
		"label": "Malaria-Cases",
		"value": 0.0024600991866721477
	}, {
		"label": "Acute Respiratory Infection-Cases",
		"value": 0.011826405632471546
	}, {
		"label": "Acute Respiratory Infection-Cured",
		"value": 0.011820329842712694
	}, {
		"label": "Japanese Encephalitis-Cases",
		"value": 5.360990963692331E-7
	}, {
		"label": "Viral Hepatitis-Cases",
		"value": 4.972021285993321E-4
	}, {
		"label": "Viral Hepatitis-Cured",
		"value": 4.931516020934313E-4
	}],
	"state": "Delhi",
	"key": "2011"
}, {
	"color": "#d67777",
	"values": [{
		"label": "Acute Diarrhoeal-Cases",
		"value": 1.1255737738636793
	}, {
		"label": "Acute Diaorrhea-Cured",
		"value": 1.1252309664768658
	}, {
		"label": "Malaria-Cases",
		"value": 0.14987538951489326
	}, {
		"label": "Malaria-Cured",
		"value": 0.14980682803753054
	}, {
		"label": "Acute Respiratory Infection-Cases",
		"value": 0.04891450040965483
	}, {
		"label": "Acute Respiratory Infection-Cured",
		"value": 0.04890901549146581
	}, {
		"label": "Japanese Encephalitis-Cases",
		"value": 5.484918189017137E-5
	}, {
		"label": "Viral Hepatitis-Cases",
		"value": 4.867864892752709E-5
	}],
	"state": "Goa",
	"key": "2010"
}, {
	"color": "#4f99b4",
	"values": [{
		"label": "Acute Diarrhoeal-Cases",
		"value": 1.0384321361356694
	}, {
		"label": "Acute Diaorrhea-Cured",
		"value": 1.038295013180944
	}, {
		"label": "Malaria-Cases",
		"value": 0.0843991786335012
	}, {
		"label": "Malaria-Cured",
		"value": 0.08433061715613849
	}, {
		"label": "Acute Respiratory Infection-Cases",
		"value": 0.041842384019690856
	}, {
		"label": "Acute Respiratory Infection-Cured",
		"value": 0.041838270331049095
	}, {
		"label": "Japanese Encephalitis-Cases",
		"value": 6.239094440006994E-5
	}, {
		"label": "Japanese Encephalitis-Cured",
		"value": 6.170532962644279E-5
	}, {
		"label": "Viral Hepatitis-Cases",
		"value": 8.090254328800277E-5
	}],
	"state": "Goa",
	"key": "2011"
}, {
	"color": "#d67777",
	"values": [{
		"label": "Acute Diarrhoeal-Cases",
		"value": 0.3865671585487232
	}, {
		"label": "Acute Diaorrhea-Cured",
		"value": 0.3865638494650171
	}, {
		"label": "Malaria-Cases",
		"value": 0.09761135116307343
	}, {
		"label": "Malaria-Cured",
		"value": 0.0975964602863959
	}, {
		"label": "Acute Respiratory Infection-Cases",
		"value": 0.006328606042532447
	}, {
		"label": "Viral Hepatitis-Cases",
		"value": 4.4225903732269186E-5
	}],
	"state": "Gujarat",
	"key": "2010"
}, {
	"color": "#4f99b4",
	"values": [{
		"label": "Acute Diarrhoeal-Cases",
		"value": 0.6079614039065586
	}, {
		"label": "Acute Diaorrhea-Cured",
		"value": 0.6079614039065586
	}, {
		"label": "Malaria-Cases",
		"value": 0.1422988720723461
	}, {
		"label": "Malaria-Cured",
		"value": 0.1422740539445502
	}, {
		"label": "Acute Respiratory Infection-Cases",
		"value": 0.009994690244285162
	}, {
		"label": "Viral Hepatitis-Cases",
		"value": 7.160857140039694E-5
	}],
	"state": "Gujarat",
	"key": "2011"
}, {
	"color": "#d67777",
	"values": [{
		"label": "Acute Diarrhoeal-Cases",
		"value": 0.8170850264966967
	}, {
		"label": "Acute Diaorrhea-Cured",
		"value": 0.8169233001236772
	}, {
		"label": "Malaria-Cases",
		"value": 0.03790708401748191
	}, {
		"label": "Acute Respiratory Infection-Cases",
		"value": 0.03878837441406732
	}, {
		"label": "Acute Respiratory Infection-Cured",
		"value": 0.03878581045937311
	}, {
		"label": "Japanese Encephalitis-Cases",
		"value": 3.9445456834008234E-8
	}, {
		"label": "Japanese Encephalitis-Cured",
		"value": 0.0
	}, {
		"label": "Viral Hepatitis-Cases",
		"value": 5.9168185251012345E-5
	}, {
		"label": "Viral Hepatitis-Cured",
		"value": 5.9010403423676314E-5
	}],
	"state": "Haryana",
	"key": "2010"
}, {
	"color": "#4f99b4",
	"values": [{
		"label": "Acute Diarrhoeal-Cases",
		"value": 0.8844578667691828
	}, {
		"label": "Acute Diaorrhea-Cured",
		"value": 0.8843750313098314
	}, {
		"label": "Malaria-Cases",
		"value": 0.13153087581300046
	}, {
		"label": "Malaria-Cured",
		"value": 0.13152693126731707
	}, {
		"label": "Acute Respiratory Infection-Cases",
		"value": 0.050294338054349685
	}, {
		"label": "Acute Respiratory Infection-Cured",
		"value": 0.05029244467242165
	}, {
		"label": "Japanese Encephalitis-Cases",
		"value": 3.550091115060741E-6
	}, {
		"label": "Japanese Encephalitis-Cured",
		"value": 2.9978547193846257E-6
	}, {
		"label": "Viral Hepatitis-Cases",
		"value": 1.0086203312455906E-4
	}, {
		"label": "Viral Hepatitis-Cured",
		"value": 1.0078314221089104E-4
	}],
	"state": "Haryana",
	"key": "2011"
}, {
	"color": "#d67777",
	"values": [{
		"label": "Acute Diarrhoeal-Cases",
		"value": 4.145149274495448
	}, {
		"label": "Acute Diaorrhea-Cured",
		"value": 4.144741384861059
	}, {
		"label": "Malaria-Cases",
		"value": 0.0028697949276593167
	}, {
		"label": "Acute Respiratory Infection-Cases",
		"value": 0.19872470392311165
	}, {
		"label": "Acute Respiratory Infection-Cured",
		"value": 0.19869731704765986
	}, {
		"label": "Viral Hepatitis-Cases",
		"value": 3.738017149428328E-4
	}, {
		"label": "Viral Hepatitis-Cured",
		"value": 3.719079416403165E-4
	}],
	"state": "Himachal Pradesh",
	"key": "2010"
}, {
	"color": "#4f99b4",
	"values": [{
		"label": "Acute Diarrhoeal-Cases",
		"value": 4.519227771690186
	}, {
		"label": "Acute Diaorrhea-Cured",
		"value": 4.518484829856122
	}, {
		"label": "Malaria-Cases",
		"value": 0.0035981692747809706
	},{
		"label": "Acute Respiratory Infection-Cases",
		"value": 0.21620321178125113
	}, {
		"label": "Acute Respiratory Infection-Cured",
		"value": 0.21618077785135978
	}, {
		"label": "Viral Hepatitis-Cases",
		"value": 1.8180223704156482E-4
	}, {
		"label": "Viral Hepatitis-Cured",
		"value": 1.803454883473215E-4
	}],
	"state": "Himachal Pradesh",
	"key": "2011"
}, {
	"color": "#d67777",
	"values": [{
		"label": "Acute Diarrhoeal-Cases",
		"value": 3.940085327663746
	}, {
		"label": "Acute Diaorrhea-Cured",
		"value": 3.940069380356202
	}, {
		"label": "Malaria-Cases",
		"value": 0.005725083408405284
	}, {
		"label": "Acute Respiratory Infection-Cases",
		"value": 0.0380879911830526
	}, {
		"label": "Acute Respiratory Infection-Cured",
		"value": 0.03808791144651488
	}, {
		"label": "Viral Hepatitis-Cases",
		"value": 3.18148785508873E-4
	}, {
		"label": "Viral Hepatitis-Cured",
		"value": 3.18148785508873E-4
	}],
	"state": "Jammu and Kashmir",
	"key": "2010"
}, {
	"color": "#4f99b4",
	"values": [{
		"label": "Acute Diarrhoeal-Cases",
		"value": 4.3433369198828
	}, {
		"label": "Acute Diaorrhea-Cured",
		"value": 4.3433369198828
	}, {
		"label": "Malaria-Cases",
		"value": 0.008220837039088923
	}, {
		"label": "Acute Respiratory Infection-Cases",
		"value": 0.04213350416089175
	}, {
		"label": "Acute Respiratory Infection-Cured",
		"value": 0.042133025741665414
	}, {
		"label": "Viral Hepatitis-Cases",
		"value": 4.0896870197368665E-4
	}, {
		"label": "Viral Hepatitis-Cured",
		"value": 4.088092288982436E-4
	}],
	"state": "Jammu and Kashmir",
	"key": "2011"
}, {
	"color": "#d67777",
	"values": [{
		"label": "Acute Diarrhoeal-Cases",
		"value": 0.17066136568985685
	}, {
		"label": "Malaria-Cases",
		"value": 0.527131968119203
	}, {
		"label": "Malaria-Cured",
		"value": 0.5270925600096082
	}, {
		"label": "Acute Respiratory Infection-Cases",
		"value": 0.002814557501191186
	}, {
		"label": "Viral Hepatitis-Cases",
		"value": 7.002517935691664E-6
	}],
	"state": "Jharkhand",
	"key": "2010"
}, {
	"color": "#4f99b4",
	"values": [{
		"label": "Acute Diarrhoeal-Cases",
		"value": 0.2978586178896933
	}, {
		"label": "Acute Diaorrhea-Cured",
		"value": 0.29785558649664756
	}, {
		"label": "Malaria-Cases",
		"value": 0.460956657930394
	}, {
		"label": "Malaria-Cured",
		"value": 0.46090815564166193
	}, {
		"label": "Acute Respiratory Infection-Cases",
		"value": 0.0062293914533025725
	}, {
		"label": "Acute Respiratory Infection-Cured",
		"value": 0.006229239883650285
	}, {
		"label": "Japanese Encephalitis-Cases",
		"value": 9.18512092863452E-6
	}, {
		"label": "Japanese Encephalitis-Cured",
		"value": 8.609156249941266E-6
	}, {
		"label": "Viral Hepatitis-Cases",
		"value": 1.1640549295695233E-5
	}, {
		"label": "Viral Hepatitis-Cured",
		"value": 1.1579921434780153E-5
	}],
	"state": "Jharkhand",
	"key": "2011"
}, {
	"color": "#d67777",
	"values": [{
		"label": "Acute Diarrhoeal-Cases",
		"value": 0.8834738948891597
	}, {
		"label": "Acute Diaorrhea-Cured",
		"value": 0.8833756876572676
	}, {
		"label": "Malaria-Cases",
		"value": 0.06851754890396883
	}, {
		"label": "Malaria-Cured",
		"value": 0.0684995442447886
	}, {
		"label": "Acute Respiratory Infection-Cases",
		"value": 0.02411236334606901
	}, {
		"label": "Acute Respiratory Infection-Cured",
		"value": 0.024109351657624317
	}, {
		"label": "Japanese Encephalitis-Cases",
		"value": 2.3406056934300525E-6
	}, {
		"label": "Japanese Encephalitis-Cured",
		"value": 2.324237821448024E-6
	}, {
		"label": "Viral Hepatitis-Cases",
		"value": 1.3598428042669143E-4
	}, {
		"label": "Viral Hepatitis-Cured",
		"value": 1.3572239447497898E-4
	}],
	"state": "Karnataka",
	"key": "2010"
}, {
	"color": "#4f99b4",
	"values": [{
		"label": "Acute Diarrhoeal-Cases",
		"value": 0.9689600166768974
	}, {
		"label": "Acute Diaorrhea-Cured",
		"value": 0.9688798141041854
	}, {
		"label": "Malaria-Cases",
		"value": 0.04008000812239279
	}, {
		"label": "Malaria-Cured",
		"value": 0.04008000812239279
	}, {
		"label": "Acute Respiratory Infection-Cases",
		"value": 0.026679582227090246
	}, {
		"label": "Acute Respiratory Infection-Cured",
		"value": 0.026676603274389518
	}, {
		"label": "Japanese Encephalitis-Cases",
		"value": 6.498045176865251E-6
	}, {
		"label": "Japanese Encephalitis-Cured",
		"value": 6.498045176865251E-6
	}, {
		"label": "Viral Hepatitis-Cases",
		"value": 9.900925761928941E-5
	}, {
		"label": "Viral Hepatitis-Cured",
		"value": 9.887831464343319E-5
	}],
	"state": "Karnataka",
	"key": "2011"
}, {
	"color": "#d67777",
	"values": [{
		"label": "Acute Diarrhoeal-Cases",
		"value": 1.111436035514633
	}, {
		"label": "Acute Diaorrhea-Cured",
		"value": 1.111430048577113
	}, {
		"label": "Malaria-Cases",
		"value": 0.0064718794592394475
	}, {
		"label": "Malaria-Cured",
		"value": 0.0064599055841992265
	}, {
		"label": "Acute Respiratory Infection-Cases",
		"value": 0.17999997066400616
	}, {
		"label": "Acute Respiratory Infection-Cured",
		"value": 0.1799963785014941
	}, {
		"label": "Japanese Encephalitis-Cases",
		"value": 5.687590644104973E-7
	}, {
		"label": "Japanese Encephalitis-Cured",
		"value": 4.1908562640773486E-7
	}, {
		"label": "Viral Hepatitis-Cases",
		"value": 1.6149763960498066E-4
	}, {
		"label": "Viral Hepatitis-Cured",
		"value": 1.6131803147937735E-4
	}],
	"state": "Kerala",
	"key": "2010"
}, {
	"color": "#4f99b4",
	"values": [{
		"label": "Acute Diarrhoeal-Cases",
		"value": 0.7811097513112965
	}, {
		"label": "Acute Diaorrhea-Cured",
		"value": 0.7811097513112965
	}, {
		"label": "Malaria-Cases",
		"value": 0.004008254669713978
	}, {
		"label": "Malaria-Cured",
		"value": 0.0040022677321938675
	}, {
		"label": "Acute Respiratory Infection-Cases",
		"value": 0.1507063643331071
	}, {
		"label": "Acute Respiratory Infection-Cured",
		"value": 0.15070253269309425
	}, {
		"label": "Japanese Encephalitis-Cases",
		"value": 2.634252508848619E-6
	}, {
		"label": "Japanese Encephalitis-Cured",
		"value": 2.454644383245304E-6
	}, {
		"label": "Viral Hepatitis-Cases",
		"value": 1.5973149303654806E-4
	}, {
		"label": "Viral Hepatitis-Cured",
		"value": 1.595219502233442E-4
	}],
	"state": "Kerala",
	"key": "2011"
}, {
	"color": "#d67777",
	"values": [{
		"label": "Acute Diarrhoeal-Cases",
		"value": 0.4205581991079905
	}, {
		"label": "Acute Diaorrhea-Cured",
		"value": 0.42041087059187743
	}, {
		"label": "Malaria-Cases",
		"value": 0.110281590369749
	}, {
		"label": "Acute Respiratory Infection-Cases",
		"value": 0.007960930790722198
	}, {
		"label": "Acute Respiratory Infection-Cured",
		"value": 0.007957653763915195
	}, {
		"label": "Japanese Encephalitis-Cases",
		"value": 4.6814668671454367E-7
	}, {
		"label": "Japanese Encephalitis-Cured",
		"value": 2.3407334335727183E-7
	}, {
		"label": "Viral Hepatitis-Cases",
		"value": 7.115829638061063E-5
	}, {
		"label": "Viral Hepatitis-Cured",
		"value": 7.095176107764834E-5
	}],
	"state": "Madhya Pradesh",
	"key": "2010"
}, {
	"color": "#4f99b4",
	"values": [{
		"label": "Acute Diarrhoeal-Cases",
		"value": 0.40027230165103356
	}, {
		"label": "Acute Diaorrhea-Cured",
		"value": 0.4001456266652167
	}, {
		"label": "Malaria-Cases",
		"value": 0.12296285797163413
	}, {
		"label": "Malaria-Cured",
		"value": 0.12286509792823197
	}, {
		"label": "Acute Respiratory Infection-Cases",
		"value": 0.007969274816961875
	}, {
		"label": "Acute Respiratory Infection-Cured",
		"value": 0.007966768855285933
	}, {
		"label": "Japanese Encephalitis-Cases",
		"value": 4.819157069120302E-7
	}, {
		"label": "Japanese Encephalitis-Cured",
		"value": 4.819157069120302E-7
	}, {
		"label": "Viral Hepatitis-Cases",
		"value": 5.302449678052081E-5
	}, {
		"label": "Viral Hepatitis-Cured",
		"value": 5.2859268538150975E-5
	}],
	"state": "Madhya Pradesh",
	"key": "2011"
}, {
	"color": "#d67777",
	"values": [{
		"label": "Acute Diarrhoeal-Cases",
		"value": 0.7238708148772728
	}, {
		"label": "Acute Diaorrhea-Cured",
		"value": 0.7238601362821883
	}, {
		"label": "Malaria-Cases",
		"value": 0.11111078185442934
	}, {
		"label": "Malaria-Cured",
		"value": 0.11096662082078831
	}, {
		"label": "Acute Respiratory Infection-Cases",
		"value": 0.00708895865037081
	}, {
		"label": "Acute Respiratory Infection-Cured",
		"value": 0.007088175553397946
	}, {
		"label": "Viral Hepatitis-Cases",
		"value": 4.8463024025246046E-5
	}, {
		"label": "Viral Hepatitis-Cured",
		"value": 4.814266617271045E-5
	}],
	"state": "Maharashtra",
	"key": "2010"
}, {
	"color": "#4f99b4",
	"values": [{
		"label": "Acute Diarrhoeal-Cases",
		"value": 0.45121157693545555
	}, {
		"label": "Acute Diaorrhea-Cured",
		"value": 0.4512080174037607
	}, {
		"label": "Malaria-Cases",
		"value": 0.08599116668394374
	}, {
		"label": "Malaria-Cured",
		"value": 0.0858897200306408
	}, {
		"label": "Acute Respiratory Infection-Cases",
		"value": 0.005089658685671576
	}, {
		"label": "Acute Respiratory Infection-Cured",
		"value": 0.005089409518452937
	},{
		"label": "Viral Hepatitis-Cases",
		"value": 5.333958244717679E-5
	}, {
		"label": "Viral Hepatitis-Cured",
		"value": 5.3072617570063796E-5
	}],
	"state": "Maharashtra",
	"key": "2011"
}, {
	"color": "#d67777",
	"values": [{
		"label": "Acute Diarrhoeal-Cases",
		"value": 0.4717961087617054
	}, {
		"label": "Acute Diaorrhea-Cured",
		"value": 0.4713681581394263
	}, {
		"label": "Malaria-Cases",
		"value": 0.03462509580258249
	}, {
		"label": "Malaria-Cured",
		"value": 0.034469477394480995
	}, {
		"label": "Acute Respiratory Infection-Cases",
		"value": 0.006684977766019943
	}, {
		"label": "Acute Respiratory Infection-Cured",
		"value": 0.006679920167756644
	}, {
		"label": "Japanese Encephalitis-Cases",
		"value": 4.590743038994083E-5
	}, {
		"label": "Japanese Encephalitis-Cured",
		"value": 4.0071740086134795E-5
	}, {
		"label": "Viral Hepatitis-Cases",
		"value": 1.1593571403561328E-4
	}],
	"state": "Manipur",
	"key": "2010"
}, {
	"color": "#4f99b4",
	"values": [{
		"label": "Acute Diarrhoeal-Cases",
		"value": 0.6849155186567019
	}, {
		"label": "Acute Diaorrhea-Cured",
		"value": 0.6833982391777123
	}, {
		"label": "Malaria-Cases",
		"value": 0.02777788584611674
	}, {
		"label": "Malaria-Cured",
		"value": 0.02777788584611674
	}, {
		"label": "Acute Respiratory Infection-Cases",
		"value": 0.009897719801275294
	}, {
		"label": "Acute Respiratory Infection-Cured",
		"value": 0.009876322270161338
	}, {
		"label": "Japanese Encephalitis-Cases",
		"value": 4.279506222791094E-6
	}, {
		"label": "Japanese Encephalitis-Cured",
		"value": 4.279506222791094E-6
	}, {
		"label": "Viral Hepatitis-Cases",
		"value": 8.90915386381055E-5
	}],
	"state": "Manipur",
	"key": "2011"
}, {
	"color": "#d67777",
	"values": [{
		"label": "Acute Diarrhoeal-Cases",
		"value": 5.746086220279896
	}, {
		"label": "Acute Diaorrhea-Cured",
		"value": 5.745580640192471
	}, {
		"label": "Malaria-Cases",
		"value": 1.354280527515522
	}, {
		"label": "Malaria-Cured",
		"value": 1.3515166897042659
	}, {
		"label": "Acute Respiratory Infection-Cases",
		"value": 0.09983824807736319
	}, {
		"label": "Viral Hepatitis-Cases",
		"value": 1.442588516119073E-4
	}, {
		"label": "Viral Hepatitis-Cured",
		"value": 1.4392179822029068E-4
	}],
	"state": "Meghalaya",
	"key": "2010"
}, {
	"color": "#4f99b4",
	"values": [{
		"label": "Acute Diarrhoeal-Cases",
		"value": 5.015388172594256
	}, {
		"label": "Acute Diaorrhea-Cured",
		"value": 5.014714065811023
	}, {
		"label": "Malaria-Cases",
		"value": 0.826016746834816
	}, {
		"label": "Malaria-Cured",
		"value": 0.8244325958942179
	}, {
		"label": "Acute Respiratory Infection-Cases",
		"value": 0.09947996032207473
	}, {
		"label": "Acute Respiratory Infection-Cured",
		"value": 0.09947827505511665
	}, {
		"label": "Viral Hepatitis-Cases",
		"value": 2.9323645070644704E-5
	}, {
		"label": "Viral Hepatitis-Cured",
		"value": 2.8312484895794886E-5
	}],
	"state": "Meghalaya",
	"key": "2011"
}, {
	"color": "#d67777",
	"values": [{
		"label": "Acute Diarrhoeal-Cases",
		"value": 1.4717382150662683
	}, {
		"label": "Acute Diaorrhea-Cured",
		"value": 1.470644528010237
	}, {
		"label": "Malaria-Cases",
		"value": 1.3725772553194204
	}, {
		"label": "Malaria-Cured",
		"value": 1.3705721623833629
	}, {
		"label": "Acute Respiratory Infection-Cases",
		"value": 0.023391231910871797
	}, {
		"label": "Acute Respiratory Infection-Cured",
		"value": 0.023374826605031325
	}, {
		"label": "Viral Hepatitis-Cases",
		"value": 5.204127574949463E-4
	}, {
		"label": "Viral Hepatitis-Cured",
		"value": 5.094758869346322E-4
	}],
	"state": "Mizoram",
	"key": "2010"
}, {
	"color": "#4f99b4",
	"values": [{
		"label": "Acute Diarrhoeal-Cases",
		"value": 1.4757484009383834
	}, {
		"label": "Acute Diaorrhea-Cured",
		"value": 1.4747458544703547
	}, {
		"label": "Malaria-Cases",
		"value": 0.8065030632351629
	}, {
		"label": "Malaria-Cured",
		"value": 0.8041334079470948
	}, {
		"label": "Acute Respiratory Infection-Cases",
		"value": 0.02444117148466195
	}, {
		"label": "Acute Respiratory Infection-Cured",
		"value": 0.024411095090621088
	}, {
		"label": "Viral Hepatitis-Cases",
		"value": 7.400615745812546E-4
	}, {
		"label": "Viral Hepatitis-Cured",
		"value": 7.273018922608882E-4
	}],
	"state": "Mizoram",
	"key": "2011"
}, {
	"color": "#d67777",
	"values": [{
		"label": "Acute Diarrhoeal-Cases",
		"value": 1.5934277549378266
	}, {
		"label": "Acute Diaorrhea-Cured",
		"value": 1.5934277549378266
	}, {
		"label": "Malaria-Cases",
		"value": 0.2393730205984123
	}, {
		"label": "Malaria-Cured",
		"value": 0.2391203041493008
	}, {
		"label": "Acute Respiratory Infection-Cases",
		"value": 0.02911394580344119
	}, {
		"label": "Japanese Encephalitis-Cases",
		"value": 5.559761880452989E-6
	}, {
		"label": "Japanese Encephalitis-Cured",
		"value": 2.527164491114995E-6
	}, {
		"label": "Viral Hepatitis-Cases",
		"value": 5.00378569240769E-5
	}],
	"state": "Nagaland",
	"key": "2010"
}, {
	"color": "#4f99b4",
	"values": [{
		"label": "Acute Diarrhoeal-Cases",
		"value": 1.5394475214076104
	}, {
		"label": "Acute Diaorrhea-Cured",
		"value": 1.539396978117788
	}, {
		"label": "Malaria-Cases",
		"value": 0.16997708367239459
	}, {
		"label": "Malaria-Cured",
		"value": 0.16987599709274998
	}, {
		"label": "Acute Respiratory Infection-Cases",
		"value": 0.02454685413509817
	}, {
		"label": "Japanese Encephalitis-Cases",
		"value": 2.2239047521811957E-5
	}, {
		"label": "Japanese Encephalitis-Cured",
		"value": 1.9206450132473964E-5
	}, {
		"label": "Viral Hepatitis-Cases",
		"value": 3.2347705486271934E-5
	}],
	"state": "Nagaland",
	"key": "2011"
}, {
	"color": "#d67777",
	"values": [{
		"label": "Acute Diarrhoeal-Cases",
		"value": 1.3347598280449202
	}, {
		"label": "Acute Diaorrhea-Cured",
		"value": 1.334535881049648
	}, {
		"label": "Malaria-Cases",
		"value": 0.7832593807941818
	}, {
		"label": "Malaria-Cured",
		"value": 0.7827757505809876
	}, {
		"label": "Acute Respiratory Infection-Cases",
		"value": 0.025474161305399423
	}, {
		"label": "Acute Respiratory Infection-Cured",
		"value": 0.02547034944165011
	}, {
		"label": "Viral Hepatitis-Cases",
		"value": 6.858972333921742E-5
	}, {
		"label": "Viral Hepatitis-Cured",
		"value": 6.723174687852434E-5
	}],
	"state": "Odisha",
	"key": "2010"
}, {
	"color": "#4f99b4",
	"values": [{
		"label": "Acute Diarrhoeal-Cases",
		"value": 1.5068607114967574
	}, {
		"label": "Acute Diaorrhea-Cured",
		"value": 1.5065200261741625
	}, {
		"label": "Malaria-Cases",
		"value": 0.7022382168025143
	}, {
		"label": "Malaria-Cured",
		"value": 0.7020643005189519
	}, {
		"label": "Acute Respiratory Infection-Cases",
		"value": 0.03269168707324101
	}, {
		"label": "Acute Respiratory Infection-Cured",
		"value": 0.03268527837731247
	}, {
		"label": "Viral Hepatitis-Cases",
		"value": 7.795261367346975E-5
	}, {
		"label": "Viral Hepatitis-Cured",
		"value": 7.583226446291388E-5
	}],
	"state": "Odisha",
	"key": "2011"
}, {
	"color": "#d67777",
	"values": [{
		"label": "Acute Diarrhoeal-Cases",
		"value": 0.7386854458537038
	}, {
		"label": "Acute Diaorrhea-Cured",
		"value": 0.7385448715652025
	}, {
		"label": "Malaria-Cases",
		"value": 0.012143455845147401
	}, {
		"label": "Acute Respiratory Infection-Cases",
		"value": 0.023171761090896848
	}, {
		"label": "Acute Respiratory Infection-Cured",
		"value": 0.023171220420556457
	}, {
		"label": "Viral Hepatitis-Cases",
		"value": 2.3594853654596286E-4
	}, {
		"label": "Viral Hepatitis-Cured",
		"value": 2.351915980694176E-4
	}],
	"state": "Punjab",
	"key": "2010"
}, {
	"color": "#4f99b4",
	"values": [{
		"label": "Acute Diarrhoeal-Cases",
		"value": 0.6849283961432471
	}, {
		"label": "Acute Diaorrhea-Cured",
		"value": 0.6848743291092081
	}, {
		"label": "Malaria-Cases",
		"value": 0.009706834844458875
	}, {
		"label": "Acute Respiratory Infection-Cases",
		"value": 0.02366492453071076
	}, {
		"label": "Acute Respiratory Infection-Cured",
		"value": 0.023664564083817168
	}, {
		"label": "Viral Hepatitis-Cases",
		"value": 1.817012790602198E-4
	}, {
		"label": "Viral Hepatitis-Cured",
		"value": 1.8126874278790822E-4
	}],
	"state": "Punjab",
	"key": "2011"
}, {
	"color": "#d67777",
	"values": [{
		"label": "Acute Diarrhoeal-Cases",
		"value": 0.26453848976892064
	}, {
		"label": "Acute Diaorrhea-Cured",
		"value": 0.26452536036671415
	}, {
		"label": "Malaria-Cases",
		"value": 0.06864780884792457
	}, {
		"label": "Malaria-Cured",
		"value": 0.06860987946377245
	}, {
		"label": "Acute Respiratory Infection-Cases",
		"value": 0.010009170595676747
	}, {
		"label": "Acute Respiratory Infection-Cured",
		"value": 0.010008703772487183
	}, {
		"label": "Viral Hepatitis-Cases",
		"value": 1.385881344019558E-5
	}, {
		"label": "Viral Hepatitis-Cured",
		"value": 1.384422521552169E-5
	}],
	"state": "Rajasthan",
	"key": "2010"
}, {
	"color": "#4f99b4",
	"values": [{
		"label": "Acute Diarrhoeal-Cases",
		"value": 0.33198568772618403
	}, {
		"label": "Acute Diaorrhea-Cured",
		"value": 0.3319754759689123
	}, {
		"label": "Malaria-Cases",
		"value": 0.06777251536749117
	}, {
		"label": "Malaria-Cured",
		"value": 0.06776522125515422
	}, {
		"label": "Acute Respiratory Infection-Cases",
		"value": 0.015895913133657593
	}, {
		"label": "Acute Respiratory Infection-Cured",
		"value": 0.01589500866372781
	}, {
		"label": "Viral Hepatitis-Cases",
		"value": 1.4106813259651711E-5
	}, {
		"label": "Viral Hepatitis-Cured",
		"value": 1.4106813259651711E-5
	}],
	"state": "Rajasthan",
	"key": "2011"
}, {
	"color": "#d67777",
	"values": [{
		"label": "Acute Diarrhoeal-Cases",
		"value": 7.750046267710707
	}, {
		"label": "Acute Diaorrhea-Cured",
		"value": 7.749718708696856
	}, {
		"label": "Malaria-Cases",
		"value": 0.007697636825494574
	}, {
		"label": "Acute Respiratory Infection-Cases",
		"value": 0.15212987059781158
	}, {
		"label": "Acute Respiratory Infection-Cured",
		"value": 0.1521184060323268
	}, {
		"label": "Viral Hepatitis-Cases",
		"value": 0.0013069604652648232
	}, {
		"label": "Viral Hepatitis-Cured",
		"value": 0.001303684875126315
	}],
	"state": "Sikkim",
	"key": "2010"
}, {
	"color": "#4f99b4",
	"values": [{
		"label": "Acute Diarrhoeal-Cases",
		"value": 7.2216935783693135
	}, {
		"label": "Acute Diaorrhea-Cured",
		"value": 7.221366019355463
	}, {
		"label": "Malaria-Cases",
		"value": 0.00835275485319624
	}, {
		"label": "Acute Respiratory Infection-Cases",
		"value": 0.1518825635423542
	}, {
		"label": "Acute Respiratory Infection-Cured",
		"value": 0.15186291000152313
	}, {
		"label": "Viral Hepatitis-Cases",
		"value": 7.926928135190156E-4
	}, {
		"label": "Viral Hepatitis-Cured",
		"value": 7.926928135190156E-4
	}],
	"state": "Sikkim",
	"key": "2011"
}, {
	"color": "#d67777",
	"values": [{
		"label": "Acute Diarrhoeal-Cases",
		"value": 0.5935753696306002
	}, {
		"label": "Acute Diaorrhea-Cured",
		"value": 0.5935102248838241
	}, {
		"label": "Malaria-Cases",
		"value": 0.019546196149723697
	}, {
		"label": "Malaria-Cured",
		"value": 0.01954481009128165
	}, {
		"label": "Acute Respiratory Infection-Cases",
		"value": 0.031704728524514454
	}, {
		"label": "Acute Respiratory Infection-Cured",
		"value": 0.03170148514776007
	}, {
		"label": "Japanese Encephalitis-Cases",
		"value": 6.459032339931387E-6
	}, {
		"label": "Japanese Encephalitis-Cured",
		"value": 6.362008248988212E-6
	}, {
		"label": "Viral Hepatitis-Cases",
		"value": 7.128498567439297E-5
	}, {
		"label": "Viral Hepatitis-Cured",
		"value": 7.12434039211316E-5
	}],
	"state": "Tamil Nadu",
	"key": "2010"
}, {
	"color": "#4f99b4",
	"values": [{
		"label": "Acute Diarrhoeal-Cases",
		"value": 0.2911748411542374
	}, {
		"label": "Acute Diaorrhea-Cured",
		"value": 0.29114157575162836
	}, {
		"label": "Malaria-Cases",
		"value": 0.03068594784844227
	}, {
		"label": "Malaria-Cured",
		"value": 0.03068594784844227
	}, {
		"label": "Acute Respiratory Infection-Cases",
		"value": 0.0334069746183592
	}, {
		"label": "Acute Respiratory Infection-Cured",
		"value": 0.033406669685501954
	}, {
		"label": "Japanese Encephalitis-Cases",
		"value": 1.056176532838566E-5
	}, {
		"label": "Japanese Encephalitis-Cured",
		"value": 1.0159808380192504E-5
	}, {
		"label": "Viral Hepatitis-Cases",
		"value": 8.233187145749451E-5
	}, {
		"label": "Viral Hepatitis-Cured",
		"value": 8.233187145749451E-5
	}],
	"state": "Tamil Nadu",
	"key": "2011"
}, {
	"color": "#d67777",
	"values": [{
		"label": "Acute Diarrhoeal-Cases",
		"value": 2.067656944890154
	}, {
		"label": "Acute Diaorrhea-Cured",
		"value": 2.0667587210054013
	}, {
		"label": "Malaria-Cases",
		"value": 0.6240206297529313
	}, {
		"label": "Malaria-Cured",
		"value": 0.6238028785081426
	}, {
		"label": "Acute Respiratory Infection-Cases",
		"value": 0.02865660819229177
	}, {
		"label": "Acute Respiratory Infection-Cured",
		"value": 0.028621495804069606
	}, {
		"label": "Viral Hepatitis-Cases",
		"value": 1.2248507519358766E-4
	}, {
		"label": "Viral Hepatitis-Cured",
		"value": 1.2139631896964466E-4
	}],
	"state": "Tripura",
	"key": "2010"
}, {
	"color": "#4f99b4",
	"values": [{
		"label": "Acute Diarrhoeal-Cases",
		"value": 2.9880097998947717
	}, {
		"label": "Acute Diaorrhea-Cured",
		"value": 2.98575063073009
	}, {
		"label": "Malaria-Cases",
		"value": 0.38909425553163013
	}, {
		"label": "Malaria-Cured",
		"value": 0.38884928538124297
	}, {
		"label": "Acute Respiratory Infection-Cases",
		"value": 0.04366946776424182
	}, {
		"label": "Acute Respiratory Infection-Cured",
		"value": 0.04363272224168374
	}, {
		"label": "Viral Hepatitis-Cases",
		"value": 1.0996437861824314E-4
	}, {
		"label": "Viral Hepatitis-Cured",
		"value": 1.0996437861824314E-4
	}],
	"state": "Tripura",
	"key": "2011"
}, {
	"color": "#d67777",
	"values": [{
		"label": "Acute Diarrhoeal-Cases",
		"value": 0.19288698489349065
	}, {
		"label": "Acute Diaorrhea-Cured",
		"value": 0.19282092290785985
	}, {
		"label": "Malaria-Cases",
		"value": 0.02958475923166327
	}, {
		"label": "Acute Respiratory Infection-Cases",
		"value": 0.004091173727852976
	}, {
		"label": "Acute Respiratory Infection-Cured",
		"value": 0.004090468065733738
	}, {
		"label": "Japanese Encephalitis-Cases",
		"value": 1.771662341917109E-5
	}, {
		"label": "Japanese Encephalitis-Cured",
		"value": 1.5244303653896934E-5
	}, {
		"label": "Viral Hepatitis-Cases",
		"value": 9.894283756977754E-6
	}, {
		"label": "Viral Hepatitis-Cured",
		"value": 9.849241494047658E-6
	}],
	"state": "Uttar Pradesh",
	"key": "2010"
}, {
	"color": "#4f99b4",
	"values": [{
		"label": "Acute Diarrhoeal-Cases",
		"value": 0.27764551339699284
	}, {
		"label": "Acute Diaorrhea-Cured",
		"value": 0.2775529265231921
	}, {
		"label": "Malaria-Cases",
		"value": 0.028245502613875085
	}, {
		"label": "Acute Respiratory Infection-Cases",
		"value": 0.005925519885681135
	}, {
		"label": "Acute Respiratory Infection-Cured",
		"value": 0.005924538965288435
	}, {
		"label": "Japanese Encephalitis-Cases",
		"value": 1.7476398016877245E-5
	}, {
		"label": "Japanese Encephalitis-Cured",
		"value": 1.4578679101707736E-5
	}, {
		"label": "Viral Hepatitis-Cases",
		"value": 3.878138838281265E-5
	}, {
		"label": "Viral Hepatitis-Cured",
		"value": 3.864125689814124E-5
	}],
	"state": "Uttar Pradesh",
	"key": "2011"
}, {
	"color": "#d67777",
	"values": [{
		"label": "Acute Diarrhoeal-Cases",
		"value": 0.9920890650399573
	}, {
		"label": "Acute Diaorrhea-Cured",
		"value": 0.9916726582970234
	}, {
		"label": "Malaria-Cases",
		"value": 0.01585319957026824
	}, {
		"label": "Acute Respiratory Infection-Cases",
		"value": 0.013186015237314169
	}, {
		"label": "Acute Respiratory Infection-Cured",
		"value": 0.013176893946754665
	}, {
		"label": "Japanese Encephalitis-Cases",
		"value": 6.94011238223125E-7
	}, {
		"label": "Viral Hepatitis-Cases",
		"value": 6.588149539989523E-4
	}, {
		"label": "Viral Hepatitis-Cured",
		"value": 6.576252204477126E-4
	}],
	"state": "Uttarakhand",
	"key": "2010"
}, {
	"color": "#4f99b4",
	"values": [{
		"label": "Acute Diarrhoeal-Cases",
		"value": 0.7896162435114906
	}, {
		"label": "Acute Diaorrhea-Cured",
		"value": 0.789358467908722
	}, {
		"label": "Malaria-Cases",
		"value": 0.011520586554503874
	}, {
		"label": "Malaria-Cured",
		"value": 0.011500757661983213
	}, {
		"label": "Acute Respiratory Infection-Cases",
		"value": 0.012916838021346199
	}, {
		"label": "Acute Respiratory Infection-Cured",
		"value": 0.012911285931440414
	}, {
		"label": "Japanese Encephalitis-Cases",
		"value": 0.0
	}, {
		"label": "Viral Hepatitis-Cases",
		"value": 3.116110459621831E-4
	}, {
		"label": "Viral Hepatitis-Cured",
		"value": 3.097273011727203E-4
	}],
	"state": "Uttarakhand",
	"key": "2011"
}, {
	"color": "#d67777",
	"values": [{
		"label": "Acute Diarrhoeal-Cases",
		"value": 2.0077596422678594
	}, {
		"label": "Acute Diaorrhea-Cured",
		"value": 2.007356469981221
	}, {
		"label": "Malaria-Cases",
		"value": 0.11851950534923622
	}, {
		"label": "Malaria-Cured",
		"value": 0.11847787342833337
	}, {
		"label": "Acute Respiratory Infection-Cases",
		"value": 0.02003540575757415
	}, {
		"label": "Acute Respiratory Infection-Cured",
		"value": 0.020030902936655444
	}, {
		"label": "Japanese Encephalitis-Cases",
		"value": 1.095576865864635E-8
	}, {
		"label": "Viral Hepatitis-Cases",
		"value": 4.8643612844389794E-5
	}, {
		"label": "Viral Hepatitis-Cured",
		"value": 4.793148788157778E-5
	}],
	"state": "West Bengal",
	"key": "2010"
}, {
	"color": "#4f99b4",
	"values": [{
		"label": "Acute Diarrhoeal-Cases",
		"value": 2.0319127298527113
	}, {
		"label": "Acute Diaorrhea-Cured",
		"value": 2.0315972037153425
	}, {
		"label": "Malaria-Cases",
		"value": 0.07281751638969296
	}, {
		"label": "Malaria-Cured",
		"value": 0.07280217831357086
	}, {
		"label": "Acute Respiratory Infection-Cases",
		"value": 0.02182016620667959
	}, {
		"label": "Acute Respiratory Infection-Cured",
		"value": 0.021814381560827822
	}, {
		"label": "Japanese Encephalitis-Cases",
		"value": 7.822418822273494E-6
	}, {
		"label": "Japanese Encephalitis-Cured",
		"value": 7.186984240072006E-6
	}, {
		"label": "Viral Hepatitis-Cases",
		"value": 6.0037612249382E-5
	}, {
		"label": "Viral Hepatitis-Cured",
		"value": 5.888725654022413E-5
	}],
	"state": "West Bengal",
	"key": "2011"
}, {
	"color": "#d67777",
	"values": [{
		"label": "Acute Diarrhoeal-Cases",
		"value": 6.399426140558777
	}, {
		"label": "Acute Diaorrhea-Cured",
		"value": 6.3973240913235285
	}, {
		"label": "Malaria-Cases",
		"value": 0.6245713790231252
	}, {
		"label": "Acute Respiratory Infection-Cases",
		"value": 0.13975211584393335
	}, {
		"label": "Viral Hepatitis-Cases",
		"value": 5.990840320457406E-4
	}, {
		"label": "Viral Hepatitis-Cured",
		"value": 5.885737858694995E-4
	}],
	"state": "Andaman and Nicobar Islands",
	"key": "2010"
}, {
	"color": "#4f99b4",
	"values": [{
		"label": "Acute Diarrhoeal-Cases",
		"value": 5.170778362556197
	}, {
		"label": "Acute Diaorrhea-Cured",
		"value": 5.170778362556197
	}, {
		"label": "Malaria-Cases",
		"value": 1.5605088010173918
	}, {
		"label": "Acute Respiratory Infection-Cases",
		"value": 0.18169850833331144
	}, {
		"label": "Acute Respiratory Infection-Cured",
		"value": 0.18169062564867927
	}, {
		"label": "Japanese Encephalitis-Cases",
		"value": 0.0
	}, {
		"label": "Viral Hepatitis-Cases",
		"value": 5.465328011645353E-4
	}, {
		"label": "Viral Hepatitis-Cured",
		"value": 5.33394993444234E-4
	}],
	"state": "Andaman and Nicobar Islands",
	"key": "2011"
}, {
	"color": "#d67777",
	"values": [{
		"label": "Malaria-Cases",
		"value": 0.03287697190771709
	}],
	"state": "Chandigarh",
	"key": "2010"
}, {
	"color": "#4f99b4",
	"values": [{
		"label": "Acute Diarrhoeal-Cases",
		"value": 4.037614287744564
	}, {
		"label": "Malaria-Cases",
		"value": 0.055142356340897244
	}, {
		"label": "Acute Respiratory Infection-Cases",
		"value": 0.047040598796721775
	}, {
		"label": "Viral Hepatitis-Cases",
		"value": 0.0012402292860865035
	}],
	"state": "Chandigarh",
	"key": "2011"
}, {
	"color": "#d67777",
	"values": [{
		"label": "Acute Diarrhoeal-Cases",
		"value": 20.152221792271952
	}, {
		"label": "Acute Diaorrhea-Cured",
		"value": 20.151930848479385
	}, {
		"label": "Malaria-Cases",
		"value": 1.5533489085243621
	}, {
		"label": "Acute Respiratory Infection-Cases",
		"value": 0.32722739293995795
	}, {
		"label": "Viral Hepatitis-Cases",
		"value": 9.135635086657608E-4
	}, {
		"label": "Viral Hepatitis-Cured",
		"value": 9.077446328143865E-4
	}],
	"state": "D & N Haveli",
	"key": "2010"
}, {
	"color": "#4f99b4",
	"values": [{
		"label": "Acute Diarrhoeal-Cases",
		"value": 23.66013109927293
	}, {
		"label": "Acute Diaorrhea-Cured",
		"value": 23.659840155480364
	}, {
		"label": "Malaria-Cases",
		"value": 3.587627906164808
	}, {
		"label": "Acute Respiratory Infection-Cases",
		"value": 0.30388206302424436
	}, {
		"label": "Viral Hepatitis-Cases",
		"value": 7.826388020098397E-4
	}, {
		"label": "Viral Hepatitis-Cured",
		"value": 7.826388020098397E-4
	}],
	"state": "D & N Haveli",
	"key": "2011"
}, {
	"color": "#d67777",
	"values": [{
		"label": "Acute Diarrhoeal-Cases",
		"value": 3.3583147993603206
	}, {
		"label": "Malaria-Cases",
		"value": 0.07975432379433252
	}, {
		"label": "Acute Respiratory Infection-Cases",
		"value": 0.20077945462842295
	}, {
		"label": "Viral Hepatitis-Cases",
		"value": 4.234379046812499E-4
	}],
	"state": "Daman & Diu",
	"key": "2010"
}, {
	"color": "#4f99b4",
	"values": [{
		"label": "Acute Diarrhoeal-Cases",
		"value": 5.195541979962754
	}, {
		"label": "Malaria-Cases",
		"value": 0.11017607616949027
	}, {
		"label": "Acute Respiratory Infection-Cases",
		"value": 0.17410286663350422
	}, {
		"label": "Viral Hepatitis-Cases",
		"value": 0.0019897470472400483
	}],
	"state": "Daman & Diu",
	"key": "2011"
}, {
	"color": "#d67777",
	"values": [{
		"label": "Acute Diarrhoeal-Cases",
		"value": 10.457090565042732
	}, {
		"label": "Malaria-Cases",
		"value": 0.009306221208878135
	}, {
		"label": "Acute Respiratory Infection-Cases",
		"value": 0.26775549454810543
	}, {
		"label": "Viral Hepatitis-Cases",
		"value": 3.102073736292712E-4
	}],
	"state": "Lakshadweep",
	"key": "2010"
}, {
	"color": "#4f99b4",
	"values": [{
		"label": "Acute Diarrhoeal-Cases",
		"value": 7.279016022210848
	}, {
		"label": "Malaria-Cases",
		"value": 0.023265553022195337
	}, {
		"label": "Acute Respiratory Infection-Cases",
		"value": 0.4362911606408884
	}, {
		"label": "Viral Hepatitis-Cases",
		"value": 2.3265553022195338E-4
	}, {
		"label": "Viral Hepatitis-Cured",
		"value": 2.1714516154048983E-4
	}],
	"state": "Lakshadweep",
	"key": "2011"
}, {
	"color": "#d67777",
	"values": [{
		"label": "Acute Diarrhoeal-Cases",
		"value": 6.623566752914573
	}, {
		"label": "Acute Diaorrhea-Cured",
		"value": 6.623166096800119
	}, {
		"label": "Malaria-Cases",
		"value": 0.012340208325153269
	}, {
		"label": "Acute Respiratory Infection-Cases",
		"value": 0.5036936487191425
	}, {
		"label": "Viral Hepatitis-Cases",
		"value": 5.208529487889368E-4
	}, {
		"label": "Viral Hepatitis-Cured",
		"value": 5.192503243311246E-4
	}],
	"state": "Puducherry",
	"key": "2010"
}, {
	"color": "#4f99b4",
	"values": [{
		"label": "Acute Diarrhoeal-Cases",
		"value": 6.471878347982657
	}, {
		"label": "Acute Diaorrhea-Cured",
		"value": 6.4716379543139855
	}, {
		"label": "Malaria-Cases",
		"value": 0.01217994587937206
	}, {
		"label": "Acute Respiratory Infection-Cases",
		"value": 0.524766557714914
	}, {
		"label": "Acute Respiratory Infection-Cured",
		"value": 0.5247649550904562
	}, {
		"label": "Viral Hepatitis-Cases",
		"value": 4.166823590311494E-4
	}, {
		"label": "Viral Hepatitis-Cured",
		"value": 4.0706661228427676E-4
	}],
	"state": "Puducherry",
	"key": "2011"
}]